Category,Subcategory
Tables tables Basses,Table de salle à manger
Tables tables Basses,Carrée ou rectangulaire
Tables tables Basses,Ronde ou ovale
Tables tables Basses,À rallonges et extensible
Tables tables Basses,Table basse
Tables tables Basses,Carrée ou rectangulaire
Tables tables Basses,Ronde ou ovale
Tables tables Basses,Avec rangement
Tables tables Basses,Relevable ou extensible
Tables tables Basses,Bout de canapé
Tables tables Basses,Ensemble de salle à manger
Tables tables Basses,Console
Tables tables Basses,Classique
Tables tables Basses,Console extensible
Tables tables Basses,Avec rangement
Tables tables Basses,Coiffeuse
Tables tables Basses,Bureau
Chaises tabourets,Chaise de salle à manger
Chaises tabourets,Chaise médaillon
Chaises tabourets,Cuir et Simili
Chaises tabourets,Tissu et velours
Chaises tabourets,PVC et Polycarbonate
Chaises tabourets,Avec accoudoirs
Chaises tabourets,Pliable et empilable
Chaises tabourets,Lot de chaises
Chaises tabourets,Lot de 2 chaises
Chaises tabourets,Lot de 4 chaises
Chaises tabourets,Lot de 6 chaises
Chaises tabourets,Lot de 8 chaises
Chaises tabourets,Lot de 20 chaises
Chaises tabourets,Chaise de bureau
Chaises tabourets,Chaise et tabouret de bar
Canapés fauteuils,Canapé droit
Canapés fauteuils,2 places
Canapés fauteuils,3 places
Canapés fauteuils,4 places et +
Canapés fauteuils,Convertible
Canapés fauteuils,Chesterfield
Canapés fauteuils,Canapé d'angle
Canapés fauteuils,Canapé convertible
Canapés fauteuils,Fauteuil
Canapés fauteuils,Avec repose-pieds
Canapés fauteuils,Scandinave
Canapés fauteuils,En velours
Canapés fauteuils,En tissu
Canapés fauteuils,En cuir ou simili
Canapés fauteuils,Lot de 2
Canapés fauteuils,Pouf et banquette
Canapés fauteuils,Ensemble de canapés
Lits têtes de lit,Lit simple et lit double
Lits têtes de lit,Lit simple
Lits têtes de lit,Lit double
Lits têtes de lit,Lit enfant
Lits têtes de lit,Tête de lit
Lits têtes de lit,Matelas
Lits têtes de lit,90 cm
Lits têtes de lit,140 cm
Lits têtes de lit,160 cm
Lits têtes de lit,Meuble de chambre
Lits têtes de lit,Armoire avec portes
Lits têtes de lit,Commode
Lits têtes de lit,Table de chevet
Lits têtes de lit,Bout de lit
Lits têtes de lit,Coiffeuse
Lits têtes de lit,Tout le linge de lit >
Meubles rangements,Armoire
Meubles rangements,Commode
Meubles rangements,Table de chevet
Meubles rangements,Meuble de cuisine
Meubles rangements,Étagère et bibliothèque
Meubles rangements,Meuble TV
Meubles rangements,Buffet
Meubles rangements,Coiffeuse
Meubles rangements,Console
Meubles rangements,Bureau
Meubles rangements,Coffre de rangement
Déco,Décoration murale
Déco,Horloge
Déco,Rangement
Déco,Arts de la table
Déco,Accessoire de cuisine
Déco,Luminaires
Déco,Lampadaire
Déco,Suspension
Déco,Lampe à poser
Déco,Applique murale
Déco,Miroir
Déco,Cadre photo
Déco,Textile
Déco,Coussin
Déco,Objet déco
Déco,Vase et cache-pot
Déco,Toile et affiche
Déco,Tout le linge de lit >
